{
  "config_version": 4,
  "loadbuiltin": true,
  "quark": false,
  "dark": true,
  "oldChooseWheel": false,
  "perspective": true,
  "default3rdPersonFront": false,
  "showicon": true,
  "enableNSFW": false,
  "alwaysOpenScreen": false,
  "debug": true,
  "validate": false,
  "validationThreshold": 8.0,
  "emotesFolderOnLogicalServer": false,
  "emotesDirectory": "emotes",
  "autoFixEmoteStop": true,
  "alwaysValidateEmote": false,
  "playersafety": true,
  "stopthreshold": 2980.9573,
  "yratio": 0.75,
  "showHiddenConfig": false,
  "neverRemoveBadIcon": false,
  "exportBuiltin": false,
  "hideWarning": false,
  "fastmenu": {
    "0": {
      "0": "3045b335-12ca-4ddb-aca5-0aef450a5e4c",
      "1": "01a53a42-2fd2-418c-8e46-e4ee1ff9ee6a",
      "2": "0de63fbe-2f20-44e0-8969-479b76ceeb6b",
      "3": "a2969c42-520f-4c5c-a024-a7d0a2b7b4d1",
      "4": "931b2bda-a25e-4e55-957a-88c46f5e9a7b",
      "5": "33b912f8-0aa0-45e6-a2d4-9b5677e6f35c",
      "6": "ebfb1e69-330a-4970-8bca-f5625c90681a",
      "7": "931b2bda-a25e-4e55-957a-88c46f5e9a7b"
    },
    "1": {
      "3": "33b912f8-0aa0-45e6-a2d4-9b5677e6f35c",
      "4": "f9f6669d-f1b3-4170-8bc5-475a9a600439"
    }
  },
  "keys": {}
}